text,label
Good luck bro I had to go to my bios mode in my mother board to fix ir,neutral
It should move their crosshair up a bit more. Might make it harder to get headshots after breaking it. Not sure how much though,constructive
"Why do people think the solution t everything they don't like is some authoritarian banning of that activity? Also, riot has measures in place. They say that they can identify a smurf within 2 games played and move them to the appropriate elo. As someone who has had new accounts, I find this to be generally accurate.",constructive
So you want to play against people that are worse than you? You are free to go to the shooting range then. If you want to rank up but complain about getting matched with people that are at most 2 ranks above you then you don't deserve to rank up.,toxic
"Totally get it! It's our escape from reality, don't make it too stressful, because what are you escaping from then, amirite? However I also get the point about it not being fun when you're worse than what you could be. Make it a habit to take breaks for a few days or weeks. It helps with mental health. Don't let your performance define your happiness. I had (and still have) to learn that, too. But as long as you're not on a professional level there's nothing wrong with being trash from time to time lol",constructive
And the oldest esports champion was 78,neutral
Chamber meta was 100x more interesting than infinite until dump with Tejo/Breach feat. 2 Cloves in every lobby or whatever the fuck happened with Neon last year. I still think late 2023 after the Jett nerfs was the best meta we’ve had. sure Viper/Omen and one of KJ or Cypher were in basically every game but they all have counter play and weren’t oppressive.,constructive
"Tell me how it would be abused? One time per day free queue dodge if players are actively harassing you? Otherwise you get penalized later? Besides that regular dodge penalties apply? Maybe they could have harsher restrictions on those who they have found to use it for no reason, so they would be less inclined to do so again. I’d rather have the option available for anyone getting harassed than no one.",constructive
I know this is not the point of the conversation but fuck breeze buck it a I hope the people who made it will have to suffer as much as I have suffered playing it,toxic
I think it depends. There are some really insane aimers that don’t have brain. Then there’s players like me who have really good game sense but not as good aim. That said tho those lacking game sense and those lacking aim will still be better at wha they’re lacking than players up to Diamond at least. Just compared to other immortals they do indeed lack brain or aim,constructive
When mid was a tiny corridor and the defense barrier was all the way up on the stairs,neutral
"Sage and Reyna have pretty much solidified themselves in the meta as ""ranked agents."" They have high winrates in ranked, but low pickrates in coordinated play. This most likely means that they will not get any balance changes unless Riot chooses to rework them, because they are afraid of getting even more backlash from their main playerbase.",constructive
"Yeah, my average vandal hs rate is at 42% on 400 kills",neutral
You can try any charecter in poligon to understand how they work,constructive
I've seen worse players in bronze,neutral
"Apex mobile was, because in southeast asia mobile gaming is more prevelant. Not everyone has a pc or console",neutral
I only remember noted because he was known for having his monitor literally right up close to his face,neutral
replay system would help align this?,neutral
You’re too old then. Stick to your 9-5,toxic
"You have nobody to blame but yourself for your rank, if you are experiencing people be toxic towards you, just mute. And be wary of giving ""guidance"" in games, because often times that's objectively the bad move. Let people play the game their own way, and focus on your own gameplay aside from giving info. Regardless, this isn't the sub for this. Post on the main Valorant sub, also start watching pros that stream often (Nats helped me a lot), reviewing your own vods, and watch coaches like charlatan or woohoojin",constructive
"Personally, the only valid reason I can think of tuyz not being on perms duelist is that saadhak wants to bed him in slowly, but even then thats almost waving a white flag on the season",constructive
G2 with the biggest fall off since Sentinels,neutral
"YouTube video views is just one of many factors that determines an eSport team's popularity, and it's not always a reliable indicator, since we know for a fact that some big orgs are absolutely dogshit in their content-creation game and their uploads barely get any views. Here's a few more things to consider, just like with real sports: -The number of viewers tuning to the broadcasts watch their team plays live. -The number of supporters who actually purchase their team's merch (from jerseys to in-game skins). -The hardcore fans who buys tickets to cheer for their team in person. With all those factored in, I'm inclined to think it's LOUD, since they are the de facto ""Brazil's team"", the same way that KC is ""France's team"".",constructive
There's nothing to argue. You used the Tarik X Ludwig event as basis lol. That statement speaks for itself 😂,toxic
Saadhack neon should not be attempted again. Teach someone else the agent or just use a different one. Having a neon did nothing for them this series.,toxic
Just insta lock your ascendant ina couple months prolly,neutral
so which split this year do we get to see the kittens costreamers?,neutral
God I need Achilios on a Grands with a Pacific team. Please inject it straight into my veins.,neutral
depends how u would rate shopify but yeah,neutral
In Val or cs go? No. Stick to your day job,toxic
"Valorant might feel easier because of 2 things: 1. You don't feel like a 200kg fat guy when walking like in CS, the movement is very responsive in Valorant and therefore you are more accurate, especially because you slow down much faster without any kind of counter strafing 2. CS gunplay is harder, the weapons have harder spray patterns and recoil is harder to control Combined, this makes Valorant easier to get into if you ignore understanding, learning and incorporating all the abilities.",constructive
Other games calculate hs rate by how many times you got a kill with a hs compared to your total kills. Valorant calculates every hs compared to every bullet that hit an enemy,constructive
And screw up proplay in the process? There’s a reason the game is balanced around proplay ‘cause that’s how the game is meant to be played at full potential.,constructive
I mean your mindset on being in the top .1% to feel anything is pretty weird but i am 33 and having fun so i guess whatever brings you joy but maybe this isn’t it?,toxic
"The game yes, the community no",neutral
This is a very vague question. If you have more specific examples (like a video) we'd be able to help better,constructive
"It is not an unusual running time for Japan at all. VCJ has always started pretty early, it has even started at 10am too. Trains and bus stops running at around 11pm so they most likely want to make sure everything ends before that time. Naturally, they'd give priority to accommodate the locals in this right?",constructive
"He has a .86 rating with .40% first blood success rate and a 185 acs since the start of split 2. He’s the second lowest rated kayo and raze, his signature agents, since VCL started. He’s not been good for a while now.",constructive
You are probably the only Acend fan in the world and it's kinda hilarious to see you desperatly trying to justify how Acend wasn't a fluke win,toxic
Florentino is gonna sub in just to experience tier 2 at one point in his life,neutral
That's fair. 200edpi isn't that uncommon for raze players in vct though.,neutral
"? this guy clearly didn't know GC teams' levels, he made a false claim about flor's skill.",toxic
"It does cause confusion using the same name for locations that don’t resemble the original, or most notable positions. Haven’s A-Site “Tower” being a more notable position. While Maps like Split’s B-Site has “Tower,” and “Rafter.” with Rafter sometimes confused as Heaven. Lotus’ B-Site “Top” can also get mistaken for Heaven in a chaotic moment, even A-Site “Top.”",constructive
Sure bud valo ded game in na and eu,toxic
"You always have a gun that can allow you to kill 5 enemies, but you won't always have enough abilities to help you get kills. On top of that every ability can be countered or dodged, so imho aim > abilities As for your hypothetical scenario with 1v1 on the same agent, it really depends on the agent and what utility you have available. For example, if it's Raze with full util and ult, I'd bet on the one with better ability skills, but if you have two Sova's, I think the better aimer is advantageous",constructive
go work for valorant you're clearly talented,toxic
"Depends on what you consider popular, is it purely numbers? World recognition? Loud has the biggest follower count of any org in valorant (if not mistaken they had more followers across all platforms than all others Orgs in Master Madrid combined). But they are far from the most recognizable one, specially since all content they put is exclusively in Brazilian Portuguese, so they don't reach the whole world. Of course being the best in 2022 and great in 2023 helped them being a brand recognizable, but I think if a new fan starts watching Pro Valorant now, he won't know what Loud is, but will for certain know Sentinels.",constructive
I dont think anyone was saying they were hiding strats. During split 2 the team was saying that they were actually trying and just losing,constructive
"Why do you say they are throwing in unrated? Marshall only? It's unrated. It's a good place to practice using a variety of weapons in different circumstances. As for the creating new accounts, I really wish they had verification with a cell number or something. Everyone playing this game has one and it'd help for a multitude of reasons.",constructive
"Cuanzin earlier hinted that loud duelist will be between him, tuyz and sadhak. I am assuming if loud plays raze in any map it wil be cuanzin. I have seen him playing raze in ranked. If loud doesn't play raze in any maps it wil be very unfortunate as raze is still the strongest in most of the maps",constructive
I want to play with people my rank. Aka iron. If I’m loaded into a bronze lobby and i win i logically should be silver.,neutral
"i looked for like 10 seconds and didn’t find my source, i still think it’s two but until i find i’ve spread misinformation",neutral
washed + got lucky,toxic
Let's gooo! So happy for him winning the champs.,neutral
There are aids to headshot level in cs,neutral
Lmao my friends i duo with do this random bullshit just to piss our teammates lmao we be playing and winning and then we just begin to argue threatening to throw and its just so funny that the team asks us to stop since we will lose or are about to win xD while we have a laugh in party voice,toxic
"I agree that he's insane domestically and not at that level internationally, but tbf, these teams aren't making international LANs if Sayf isn't playing out of his mind. In TL he had Nats' help, and Trexx on last year's vitality, but the other 3 players on both teams were either average, bad, or inconsistent (whether that's because the players are falling off, rookies, etc.). Him +1 are usually dragging these teams to lans and the teams are just never good enough to actually compete with stronger teams at internationals. Until this year of course, where he had a bad bangkok I don't really agree, he's a great player who's been on teams that were never seen as the 'top' team in EMEA (again, until this year obv) and has still done super well over the years individually. I can't really speak to how he is in team environments because no one knows for sure, but to say he's just a ""good"" player is disingenuous considering he's been a top 2-5 EMEA player (at different points) pretty consistently since his Guild days",constructive
"it’s clear LOUD are still trying to smooth out the issues they have atm (pancada coming back, tuyz new role, and saadhak duelist+ coaching having more impact + different mid rounding than split 1) You can tell they have something promising at times, it’s not great but there is something there also MIBR got a clear upgrade in firepower, maybe they pull off an upset and ruin a teams chance at playoffs…. wait a minute riot pls don’t do this to 100t 2 years in a row i beg you",constructive
"Brother, tenz himself said counter strafe is useless. Don’t listen to anyone else’s opinion.",toxic
I too report every smurf I encounter regardless of if it’s bannable or not. There 100% should be penalties for smurfing. If you are dropping 30 bombs every game when you play drunk I would say it 100% is smurfing.,constructive
U all should ne worried about useless valo ded game finals getting less viewers than a average caedrel and kameto stream instead of league,toxic
they may not be but jamppi has consistently been good,neutral
"It's important to consider here that this sample size isn't the biggest ~52 games. Firstly, your HS% has once again increased this act which it has been doing consistently for the last several acts. This suggests that your aim is improving over time. You've also retained your rank of Diamond 1 after an Episode ""reset"". That's a really good indicator of skill improvement. It all looks like great news - it appears you have all the ingredients to keep climbing the ranks. That said, you need to be aware that your current win rate is unrealistically high when applied to a larger sample size. Be prepared for a downswing, which will balance things out a little over time. Good luck!",constructive
"You should watch some guide videos, there are too many situations to account for. For your level just play with your teammates and don't be somewhere you can get shot from multiple directions. Ideally you are somewhere you can fight with your teammates whenever they get into a fight and vice versa. Getting offsite is not going to work in every situation and you'll learn that pretty quickly.",constructive
I hate passive value. I hate lurkers. I hate being shot in the back. If I lose a gunfight it's because I failed. If I get shot in the back it's because my enemy knows they're worse than me.,toxic
"It kinda sucks to say but both of you are right? Iron to diamond is what, 90% of the playerbase? No matter the rank, you'll be encounter smurfs. Whether you get them in iron or in gold, in the end it is a ""skill issue"". It sucks, but at this point rito doesn't do enough to combat them and it's become just part of the game. gotta deal with em. However, in the end, someone could just be having a good aim day and be shitting on everybody. Can even happen to you! Not saying that smurfs aren't present, but a lot of people jump on saying ""it's not my fault if I'm losing there's a smurf on the other team"" instead of actually trying to learn from their bad plays and improving at the game.",constructive
"Its not even april fools in some places, i though OP was just having a mental breakdown 😭😭",neutral
That’s how i feel. I just need to take the time to learn the spray pattern,constructive
We truely just need to rebuild with Hiko and Boostio. Everyone else is fucking mid,toxic
"I feel this! I've been playing TDM and some games I do well, others terrible Most of the time the games I do well I'm up against people my skill (silver to gold players with maybe a diamond or plat mixed in occasionally), but the games I do terrible in there's usually multiple diamonds or ascendants and above, which is fine if you have other ascendants and above on your team, but most of the time it's entirely silvers or golds max on my team I'll provide some tracker examples of recent TDMs too that have exactly this going on",constructive
If they balanced the game around casual players the game would be unplayable. They balance it around how the top 0.01% of players are so they can make the game as balanced and playable as possible. They want to see how each agents limits are pushed so they can accurately get the best data available.,constructive
The people who underrate Demon1 gotta be the most nonsensical ppl on the subreddit. His stats speak for themselves.,toxic
"My super hot take is that Ascent doesn't get the hate it deserves and this community's love for it is the biggest example for how dumb this community is. It's the most basic and boring map in the game (both to play and watch) while being one of if not the most one-side maps in the game depending on the map pool at the time. And while Ascent gets love for being extremely flawed, the community spends all it's energy hating on whatever the newest and/or most complicated maps are in the pool.",toxic
I think it was the fact the entire 5 man roster was completely unheard of at that time. There was a clip awhile back of C9 Semphis calling out two players from the team for cheating. Then csgo reddit took off with it. I didn't play mitch or relyks when I played cuz I was Hardstuck open/IM and I believe they were in main at that time. In other words I was not that good 😁,neutral
Ain’t no way youre not trolling,toxic
"""dumb kid in my way""",toxic
"More than likely isn’t 100% and I’m not saying that she isn’t frustrating to play against but it’s arguably more frustrating to play against a KJ, looking through her turrets legs with an outlaw or a sage with a pixel peak from across mid. She’s strong, but has an incredibly high skill floor, you have to think about so many more things than if you’re playing cipher or even Jett. My point is she is frustrating, but there are ways to counter her and she’s not the reason you are in immortal and not radiant the same way she’s not the reason I’m in not ascendant",constructive
"At this point I don’t think I see loud making playoffs.. furia, 100t, and lev to go. Maybe they’ll get momentum off a (likely) furia win, but having your igl run neon seems like a lose-lose, does he sacrifice the crosshair placement or the calling?",constructive
L take defending racists is wild,toxic
Not all resolutions are supported on Valorant for fullscreen. For example my 2560x1080 made me have black bars. I had to play windowed with my entire pc res set to 1680x1050 and be in windowed mode fullscreen for about 2 years.,constructive
"I spoke from the heart, not logic. CS in terms of less hero shooter but that’s not what the game is so it’s a bad comparison. I agree with about cs cheaters obviously",constructive
he has 340k followers mostly from fortnite so he loses a lot every day,toxic
"You don’t, just bait your teammates. In all seriousness that’s kinda the truth in ranked. You can dive and try to coordinate util with your teammates, but it’s not the most reliable. Something like a Jett smoke dash is a good example of making space practically in ranked. You sit in your smoke and wait a sec, then you peak on a timing. This ensures that your teammates had some time to scale, so that you’re the one trading or being traded.",constructive
"Yeah wish they got to commentate that last map since it was less of a sweep, their humor is just a lot more natural.",constructive
"please just 5 stack or find how much ever teammates you can to play with, if the brim in the opposite team is good then friend him and play iron-bronze is harder than getting out of immo because in those lobbies you genuinely don't know what they are going to do because they don't know themselves. It is just chaos x100. improve your mechanical skills, that's the main thing to get out of iron-bronze lobbies and just find a good team to play with instead of relying on solo-q as its easier to communicate and stuff with your friends.",constructive
"...i don't care how many times she fries a T3 team. frying T3 teams does not mean you are even close to T1. if you have any examples of her ""clearing"" T1 or even T2 teams i'd love to see them. if you can point me to florescent's Masters trophy and history of domination in T1 valorant maybe i'll start giving her the benefit of the doubt. you can't just point to any old dogshit player in T3 and say ""well yay wasn't good in T2 therefore maybe this player should be Esports Athlete of the year too!"". you need to have evidence to back up their skill.",toxic
"How the fuck are Faze fucking up like this, like they're playing tomorrow and will have only just picked up their final player supposedly. What kind of preparation is that for this tournament?",toxic
sorry but falling for this on April 1st(I'm guessing from your timezone) is like losing a 1v1 duel on haven to a golden retriever. this would only work on the kind of mind that thinks chocolate milk comes from brown cows,toxic
As someone who’s 23k in cs and plat in val (admittedly climbing fast) 7500 in cs is literally iron or bronze in val. The average cs player is like 12-14k. The average val player is gold. 7500 is so bad that I’d start to question if a player has ever used mouse and kb before.,toxic
"Do less aim training, and do more practice on your fundamentals(ch placement, movement, clearing and peeking, etc). Lots of people end up hard stuck in lower elos because all they do is aimlabs thinking it will help them improve but the majority of your kills should come from good fundamentals not flicking to heads.",constructive
It’s almost like it’s even more budget to just take their google logo and slap it onto the paint lmao,toxic
Some budget AMD APUs are surprisingly powerful. You should ask around on some tech subs. Valorant is also pretty CPU heavy as some other people said so that helps.,constructive
this guy just walks out of a smoke and gets 3,neutral
"THATS NOT HOW SPEED WORKS. IF THEYRE DROPPING THEIR ROSTER ANNOUNCEMENT EXTREMELY SLOWLY, THEIR STOCKS CAN STILL DROP FASTER IF THEY DROP EXTREMELY FAST.",toxic
"Same, but no astralis tho 😭",neutral
EMEA poaching NA talent yet again,neutral
man the worst part about less leaving brazil is that we won't have him and sacy playing together for a long while sadge they're so funny together,neutral
It is absolutely a teaser for the new agent along with the last player card in the BP. It is always this way. Having said that everyone thinks it’s gonna be a initiator and I think it’ll be a sentinel,constructive
"Maybe the last we see Saadhaks Neon, that looked rough.",neutral
"I’m not great by any means so someone else hopefully will someday provide you with more insight. I did just the over-aim drill for about 15 minutes each session and jumped from a lucky gold 1 peak to plat 1 in a single act. There’s a lot to say for consistency in your training and play time. I’d recommend his playlist of coaching JPC, Boomer to Diamond.",constructive
Trying so hard to find the stack to fall on it,neutral
A few rounds? They were there for at least 8 of them. You dont get compensated for having shitty teammates.,toxic
. My point was to say that if he's hit radiant then he wouldn't be hard stuck ASC but he got boosted to radiant not that all coaches have to be radiant. But he's never had the skills to hit radiant on his own and it shows in some of the coaching advice he gives,toxic
"Don't have to look too far, top NA Challengers teams have been able to hold their own in scrims against NA franchise teams all season.",neutral
[ cheap video game boosting server,neutral
"Yeah, that's the whole point of it. And since it's a free game, they probably doesn't want to change it. I had the Spectrum Classic in my shop this week. I hesitated to buy it, cause i waited for the Prime Classic. I didn't bought it, and now i regret my decision. They get you used to it, that what you see, you ""must"" buy, cause you don't now when it comes back (i heard that for some people it took 1+ year for a specific skin to re-appear in their store). Tbh, I can't complain, in my shop there are superb skins most of the time.",neutral
I think RRQ is better than FUT. I also think they are the two worst teams but yeah I think they win their first match,neutral
Ain’t no way this lil bro said that CS2 is slow paced. CS2 is faster paced than Valorant. This buffed Neon is a wanna-be Apex Legends/Overwatch character that doesn’t belong in the game.,toxic
Its rude to mention initiators and sentinels as 'support'. This is not dota2. Regardless; Go experiment with initiators since you like to do entry with duelists.,toxic
"As someone who plays Istanbul servers only, I've yet to meet one person who calls that hell. Probably a regional thing.",neutral
"Not even close. Her flash is fantastic for flashing for her team, regardless of pairing it with other flashes. Phoenix is a much more selfish agent. Arguably chamber and jett as well depending on how they are played. The fact of the matter is you're new to the game and low elo, admitted in your post history, you should stop calling other people bad and stop insisting your bad opinions.",toxic
how long are we gonna have to wait?,neutral
I’m telling this fucking cry-ass btchboy to grow a pair. I don’t give a shit if you’re racist. I’m racist. I’m every word you wanna throw at me. This is every FPS lobby since 1991 and he’s crying on Reddit about it. Welcome to online gaming beer belly,toxic
Honestly just make the trap global and I'm fine with how he is rn. Would give him way more options on attack and more opportunity to hold ground on defense.,constructive
Must not be obvious to you lol,toxic
"Usually when I start to slip or go on an L streak it’s because I’m forcing things or reverting to bad habits. Sometimes in Val slow is fast. I’m not demon or anything but when my fundamentals (aim,crosshair,run and spray, comms) get bad it’ll happen. People are also just getting better man. There are some weirdly cracked people in low ranks (usually smurfing which exacerbates things but whatever). I played against someone in Silver who dropped a 40 bomb and he doesn’t use a crosshair. The skill gap from when I started like 2 years ago has jumped up a lot. Silver/Gold a few years ago is basically high bronze now, and silver is the highest populated rank. Something like 23% of the playerbase. I peaked Gold in Jan 25, had to take a break because life stuff happened, came back and now I’m not even sniffing Gold. Was Silver 2 all last act basically trying to claw my way out. So there are many factors.",constructive
Give harbour a surfboard and let him ride his waves onto site,neutral
This doesn’t seem too weird tbh. You need to look at average stats of players and see where they line up. Current rank does not mean historical rank. Also rank doesn’t mean people aren’t relatively competent at doing their role on a team at a level higher than they are currently at. They just don’t play enough or have grinded enough to reach their “peak rank”. An example being placed into lower ranks at the start of an act but not putting the time in to grind higher.,constructive
Who tf elected you? Pipe down lil bro it’s past your bedtime,toxic
I one-tricked guardian for a while when I was much newer cause I thought it would help my aim better and then I could not use the vandal to save my life because they are very different guns so practicing with anything that’s not the vandal will not help you use the vandal,constructive
Yep. Too old already. You’re 5 years behind lol,toxic
The players set strats/routines and members are capable of mid rounding; don’t think it’s impossible to beat 100T but it’s also a question of whether Curry can quickly mesh with the rest of the team (I’m sure they’ve tested synergy with Curry beforehand but not sure if they ran 5v5 scrims with Curry in them).,constructive
"I clarify because people just misuse words to say anything. Words have meaning, you shouldn't just say shit to say shit. Just because they're bad doesn't mean they aren't taking it seriously, calling them not professionals even if they try their hardest to compete is just a shit mentality. Professional has a meaning, if you're gonna talk shit just call them bad or something. But don't devalue the word professional just because of your opinion.",constructive
We all start somewhere dw As long as you have fun you'll get better,constructive
Didnt 100T also have limited time to practice because EG kept boostio in jail?,neutral
"I thought from the title you were talking about ""tea"" as in ""gossip,"" but it really was a discussion about literal tea lol. That was wholesome",neutral
I've seen this atleast 3 times this week,neutral
People in lower ranks usually think there's no difference in gameplay between pros and then. Because they don't understand what's going on half of the time. He'll change after he reaches gold or sm,toxic
You should be incharge of creating VLR rankings,neutral
"LMAO, it's actually hilarious how you cherry pick a game where she did bad instead of any of the other ones where she fries a tier3 team. You just chose her one off game. Plus do we not remembered what happened with Yay? A team is made up of 5 players and it's impossible to perform super well when that team isn't good. Same thing with Demon1",toxic
"Damn, babybay was once one of the most popular NA pros and was a 5k andy on twitch, what happened to the dude",neutral
"I think 100T can beat sen even with john, the boys are exausted and just on an event. They have enough ponts that they basically have 6 matches already won. 100T has everything to prove while Sen has room to breath. Its the perfect scenario for 100T to come out swinging and beat them. If they dont, the org should just cease val operations, theyre cursed",constructive
"Sure, but he still played poorly prior to that. Can't have a player have an issue for 80% of the year, pick it up the last 20%, then go back to having the same issues next year and go ""well he was really good for 10 minutes that one time""",constructive
I applaud your efforts in keeping his legacy alive. The hero we need.,neutral
"You would be right if it wasnt obvious ACS DOES infact affect the most in the RR gain and lose. Put it in practice, i have won games where i dont do much combat wise, and even if we won 13-2 i get 14 rr, but if i top frag and match mvp with the same score i will get 30+. ACS is everything, prove me wrong with practice.",constructive
u have no idea how much more popular loud is than 100t will ever be even outside of val,toxic
yea ur right my adr is dogshit lmfao hopefully ill improve that soon,neutral
"Might be burned out, take a break for a couple of games, try playing something like marvel rivals and grind that. Also should try to limit how many games you play per day, I find I lose the most when I play 4-5 games a day vs 1-3",constructive
"Honestly mods at this point just flair him as ""Scrimbux Provider""",neutral
"Its also possible the dude now had the expectations built higher than he was used to and after a map of losing he just couldn't handle the pressure. It happens sometimes, hope the dude can take a good break and rebuild his confidence.",constructive
"They dealt with a bunch of roster moves (Pwny and RandyySavage for Runstun and Reduxx), combined with a bunch of inexperienced players (Reduxx and Verno), an IGL who hasnt IGLed in over a year Now the new guys got a bunch of experience, Mitch became an incredible IGL and made a big upgrade in dapr, on top of Bonkar being an incredible coach",constructive
found the mentally handicap viewer LMao enjoy that curry fudu,toxic
CLEAR IS THE SOUS-CHEF,neutral
When there was a big ass pillar in mid where theres a tiny box now And the catwalk on A extended to create a 50/50 angle with a top down set up,neutral
Rossy gives Dardoch vibes big time,neutral
wtf happened to this team between playoffs and split2,neutral
You can thank the kids who had unrestrained access to their mom’s credit cards. The whole concept of DLC and predatory marketing really only took off in the mid/late 2010s,neutral
I don't think practicing on aimlabs will do much for you; If your stuck in iron you may just need to get better at hitting the enemies as in bronze people can't aim if their life dependent on it,constructive
Are you a low sens player though? It'll feel very different if you're used to low sens.,constructive
"Imagine getting complacent with one tournament win even though you haven't achieved anything in your career and spend the next couple of months doing the same strats. Imagine thinking a no coach team would work at all, just stupid lol. Thanks for wasting everyones time stick to streaming and going to whatever drama comes up.",toxic
Problem is that Karimine Corp is basically just liquid but worse. They still don't have a real igl and until they do I cant see them doing very good,constructive
I love how half the community actually tries to help out the poster and the other half just debates who the hottest agent is.,neutral
sorry for being tired of gamers' completely backwards standards ig,toxic
"i suck at valorant aim wise, but i would say i have pretty good gamesense without even trying (at least for my elo) you just kinda learn it idk and also watch tutorials",constructive
My brain says fnatic but my heart says optic so Optic,neutral
That's not how Riot packages the leagues at all. They package it as the best players from around the world.,constructive
"it's definitely not that hard if you improve, diamond might be hard sometimes but getting into ascendant is not hard. Took me about 400-500 hours to hit immortal starting from gold. Now I'm washed and ascendant 1 but it's still pretty easy to get alts to ascendant.",constructive
"Nah I was just adding that because if you’re a seasoned vet in any profession, you’re gonna be insanely critical of yourself",constructive
Something tells me the roster mayhem in between split 1 and 2 of VCT NA is gonna be a blood bath,neutral
Also another piece of advice for general neon countering. Always let the dumb neon run and use slide before you start spraying on him. Most the time a neon will just slide in the open. And you probably try to insta react and shoot. But maybe try waiting a half second before shooting give yourself more time to react to where he’s sliding,constructive
"This actually helps out a lot. Thank you. Follow-up questions: Regarding this: The obvious answer here is to comm with your team. Definitely no excuse if you're squadded up, but say that due to being last one standing, you have no util. What then would you do? Raze and Yoru are the only Dive Duelists with any true recon util. Jump peek? Save a movement ability for a peek? So those randon Jetts and Neons who just straight balls to the wall run it down and get wasted after a pick or two are just nutters? Waylay or Yoru I get because of their resets but I swear that the other DD players just rush it and get a pick or two and then absolutely do not mind playing the rest of the round as a glorified camera. I don't get it. Are they playing wrong? Am I?",constructive
Check the head to head bro,toxic
Onwards and upwards,neutral
ZANDER CLEARS >>>>>>>>>>>>>>>>>>>>>> M80 EZ CLAP,toxic
"we need to know more about ""katsumi: In Queue (Deathmatch)."" what is she cooking",neutral
"You kinda need to counter strafe or learn to shoot while not moving, the counter strafe mechanics in Cal dont work the same way tho and its way moee forgiving",constructive
it’s time - Pancada - Sacy + Less + Aspas,neutral
i got the valiant hero in my store and i had wanted it for so long but at the time of buying it .... xerofang just seems better .. idk what to do,neutral
"I’m not saying I agree with it. Frankly I didn’t watch any GenG games besides the international events so I don’t really know enough to form an opinion. But whenever I see him being talked about in this sub I feel like the major discourse is everyone saying he was a fraud and held the team back. Wouldn’t be surprised if that negative perception of him would prevent him getting into T1, which is why I was saying that he probably needs to go crazy in T2 for his image to improve and get a chance again in franchising.",constructive
i wonder if the guy who lied about getting radiant would also lie in his apology to save face and try to scrounge back some of his lost viewership,toxic
I guess Shaz and Dapr just have one good tournament per team then completely fall off,toxic
"You do realise that even your internet could cut out without warning? Maybe there's a surprise power cut in your area. Maybe someone knocks something and turns the router off. Maybe there's some other issue. Maybe your computer decides to randomly restart. Congratulations, you've just banned yourself from online games for the rest of your life lol. There is no way to guarantee 24/7 connectivity and that there is never going to be any issue outside of your control when you load up an online game.",toxic
İ am helpful you are just not listening,toxic
"I mean he was very obviously the weakest link on that team, and easiest to replace.",toxic
\^ This guy admitted to being silver btw. XD,neutral
can't say that when you haven't even seen her in one T1 match lol,toxic
Found out how to put all mode?,neutral
can we decide to use the patch notes thanks (referring to phoenix wall on minimap),neutral
"You're doing good but one major flaw you have - pulling out a knife after a kill, in higher ranks trading kills is very popular and a good strategy so if you kill someone their teammate might imidietly peek you and you're fcked cause you have your knife out and you're dead",constructive
Depends on what surface you're already playing on. Really smooth wood should be just fine.,constructive
"He is decent on attack, but on defence he is playing reactively 90% of the time (retaking), and is not a good anchor",constructive
Whatever you are comfortable with,neutral
"Oni phantom, it's also the only skin I have so I don't lose anything",neutral
wow this is comprehensive! even just for emea there’s so many greats. redgar and enzo were amazing when i watched them back then,constructive
Here's a great video from linus about Hz and fps,neutral
if my teammate picked deadlock on icebox that’s a fast dodge not picking killjoy is full troll,toxic
It was a close game. MIBR won their first map,neutral
"please just let tuyz be the full time duelist, they don´t need to run neon 24/7, a bunch of teams are doing fine by just playing jett/raze the new mibr guys just arrived yesterday and probably are jetlaged/didnt have enough prep time, with more time they can be promising (next season, this year is over for them anyway)",constructive
Saadhak duelist is not it at all,toxic
"Nice clip but ""pro's""? You aren't pro or close to pro, if you think you are it's holding you back. I'd guess platinum maybe diamond.",toxic
"He was cussing you out. ""Sei sohai"" is chinese for calling you a fking idiot.",toxic
Yo same these guys let alone not knowing when or how to smoke they dont even smoke,toxic
"""Immortal brain, Iron aim"", a story as old as time in Luddy's valo streams. Fortunately, today is one of those rare days when his aims manage to keep up with his game plan.",neutral
My spirit animal is Bob.,neutral
Are u gonna go for high immo next or nah,neutral
"fiziq was not even the igl, it was Stellar, fiziq was taken off igl a while ago",neutral
I'm not even 20 😭,neutral
"As a solo q immortal player who wouldn't call myself an aim demon, I like Charlatan's take on this, saying that iron-gold is all about improving your mechanics, plat-asc is about agent mastery, and immo+ is about teamplay. So woohoojin saying utility is overrated stays true for gold and below, and immortal players aren't all aim, as they still have agent mastery.",constructive
"What is this narrative, they took sentinels and leviatan to 3 maps in the hardest group in all the regions for kick/off. 2 of the team in the group went to masters, one of them won it and leviatan are stacked af, making bold declarations on the teams strength after being put in that group is ridiculous",constructive
Thank you for your support here's to a great year,neutral
Christmas holidays. More kids are home and playing.,neutral
Everything is not daijobu. 💀,neutral
No you don't. If you have properly linked your Xbox account with your riot account you should be able to just launch valorant and all agents will be unlocked as long as your game pass is still there. Idk if the agent unlock is PC game pass only or not tho,constructive
"Doombros: ""Why the hell did you guys trolled in EMEA? Now we got NRG first game!""",toxic
"Cyrax, used it in game and was like holy fuck this is best skin",neutral
Every time I watch challengers I see OXY doing well in a shit team hope he gets picked up on t1. Learn spanish or portuguese brother.,toxic
"I agree with you, I think there's a plateau that you will hit given your whichever skill you are bottlenecked by. Wherever lacking if you want to rank up you should focus on improving that skill specifically",constructive
Sean Gares provides great detail and analysis and also a lot of backstory on teams and stuff. FNS does this too but a little less since he still also jokes and memes with chat and the watchparty.,constructive
did you just say the indian team isnt going to sell anything. They smurf on every country,toxic
If the 5k hours player performs at the same skill level as the 5 hours player then yes. The game is not looking at hours it's looking at player performance,constructive
"id normally laugh at this but mibr honestly deserve props for playing well, not unneeded memes/jokes",constructive
So G2 weren't hiding strats all along? They're just that ass? Damn LMFAO what happened?,toxic
Hey i don't mean this as a dig but don't blame your medium/software as a part of where you made mistakes. I haven't read any of your other comments so idk if that's the case but it's good not to get into that mindset because it makes it harder to grow and improve,constructive
"Rossy edging around the toxicity so much is funny, he's also absolutely smothering during these answers. Guy needs to chill out a little",toxic
what happened to c9 after that just wondering,neutral
First bait of 2025 and is a low cost one. L,neutral
It's not letting me send a dm. Rip.,neutral
"i mean look at the actual teams they're losing to. looking at their record says nothing when they're playing other horrible teams in GC. first off, the MxS tag was retroactively added to the pug team of flyuh moose v1c brawk and mada because 4/5 of those players are now on MxS. if you can't take a map off a pug team of T2 players, let alone ""clear"" them, then you certainly can't ""clear 1/3 of VCT"". second off, in the last couple months alone they've lost to fucking Ambriosa, Instinct and QoR. Ambriosa and Instinct are especially embarassing considered V1 are signed professionals and these guys are not. call me when you have some actual evidence of them playing even close to a VCT level and then we'll talk.",toxic
"Its not you, the game is a mess. Riot be riot. Just move on, no one is forcing you to stay and it isnt worth getting burned out. Play Siege if you can, its a way better game and in a similar style[tactical with abilities]",constructive
who? some other ugly kid?,toxic
"Happens, lowkey thinking of just locking Jett/chamber and running it down because I always play support but when I play chamber I do really well",constructive
"27 here with a bunch of friends 25-30 who are always looking for more! not sure what rank you are but we can always run unrateds or figure something out! pm me if you want, if not, no pressure and have fun with the other friends you’ve made from this post!",toxic
Why shouldn't all agents be used in comp? It's good if sage is made more relevant and not too op.,constructive
"Confirmed scrimmers, the other guys played great today and we didn't show up strong. Just gotta run it back another day, thanks for watching :>",neutral
"imo giving too much prep time for teams is boring, i don't want the games to come down to how much time a coach spend in the basement cooking strats",constructive
"Wasn’t me then, I refuse to be toxic.",neutral
"Honestly, might be just a trigger. Whenever I play Deathmatch my brain turns off and I either switch to my knife as soon as I killed someone to get the pick-up, spray, or do both. But as soon as I play comp, I forget holding knife gives you speed and don't spray that much.",constructive
[Woohoojin's routine to gold in a month]( got me to gold in a month when I was bronze It really was just training up my mechanics following the routine until like diamond where game sense started to matter a lot more,constructive
OXG made really smart roster moves going into a meta that suited it. They really look incredible,constructive
would still be abused. unfortunately there no good way for riot to implement it without people abusing the system people get comm banned even if they haven’t said anything because they get reported for no reason,neutral
"Hey, MIBR won a map! …. Gotta start somewhere MIBR fans right?",neutral
"This is the first time I've seen Challengers League shortened to ""CL"" and not ""VCL"" or ""Challengers"".",neutral
"Same to me, today I decided to start an excel just to point out how ""unlucky"" I am. I'm tired of getting the SAME shitty skin 3 or 4 times a week meanwhile the ones I really want never appear and maybe once a week I got some decent skin. Atm 2 months waiting for the firefly rgx and spectrum classic. Ik is not that much time compared to others but still is demoralizing to say the least. They need to increase the slots at least!",neutral
"It’s always losable, said John after satchling a raid boss who had 1v5 his team into himself and pulled out his knife instead of his gun",neutral
It's great. Not too flashy and a somewhat cool features. Hope they do Recon 2.0.,neutral
So glad both these teams are in the scene.,neutral
"The ability to be able to smoke while dead, not smoking",neutral
It’s probably more of an issue right now if they’re doing ban waves. Ban waves are generally more effective at catching cheaters in the long run but are a pain in the ass short term,constructive
Rest of 2023 EG? Bro what is this copium?,toxic
"Ppl seem to don't realise while the base intro is simple, it has a nice touch of ""art feel"" and novelty, most likely will age fine.",constructive
Whoever thought it was a good idea to buff Neon to this extent should be fired tbh. One of the worst things they’ve done to the game.,toxic
"It’s like eating a PB and J Sandwich without the PB, you’re gonna get diabetes",neutral
Bro was writing checks that fiziq had to cash,neutral
Actually a banger of a showmatch honestly. Ludwig is hilariously inconsistent but in the right mood he plays insanely above Gold/Plat.,constructive
"Yeah i noticed that too, i don’t swap off vandal often but when i do i feel like phantom doesn’t help. But i chalk that up to not knowing the spray pattern that well. So what i do is pick up the Marshall to help me dial it back in. Helps 90% of the time. The other 10% i just quit and try again tomorrow",constructive
"I think it should be that way if the camera is in the middle of the head. I assume it's closer to the neck in valorant, which would result in the phenomenon you can observe in game of the head level rising as you get closer, because you're aiming at the middle of their head, so it's slightly higher than your camera, so you're not aiming exactly horizontally.",constructive
Valotarda again saying league is dying in korea for their useless game to be irrelevant in 2 months of time,toxic
Scrims don't matter. LEV was constantly talked about being scrim demons starting from Lock in and ended up completely bombing out to end the split and went 0-2 in playoffs.,neutral
Lock in was 5 months ago,neutral
Tbh his image was hurt a lot this year because of his poor performance at times. I feel like if he wants to ever be in franchising again he needs to go absolutely crazy in T2,constructive
Why did she even bother getting Icy,toxic
"Why? Because Hell is the opposite of Heaven, and easier to say for most people.",neutral
Can’t wait for LEV to let 100t pick Bind 🙂,neutral
Maybe if waylay wasn’t trash,toxic
6 pistols across the series all the heroics in the world and the barely scraped by the worse team in the Americas… not a good look at all. Lots to work on if they want to make champs.,constructive
"just focus… You take out knife every 2 seconds, run around the map all the time… when retaking A vs omen in the first clip you just swing with your util out Coms are good tho or above average I’d say for lower elo",constructive
"Im not really saying I'm stuck but the game has a serious smurfing problem and when you bring it up Valorant Stans are like ""actually smurfs are 1 in a billion and its skill issue also alt accounts doesnt mean smurfing even though on their main they're ascendant 2 🤓""",toxic
"There is no shot he hasnt seeing any of his work. The video has a lot of sovie style, font usage and even font type, that doesnt mean the video is bad, its indeed an awesome work, but you cant deny there is some sort of inspiration here",constructive
"they said that they would go seperate ways if one of them got a good offer, but even then I doubt he'd go to c9 on a budget when he makes bank streaming anyways",neutral
"Yeah li'l bro, don't worry they teach out the meaning of common words and phrases once you hit the first grade :)",toxic
just give her a chance 😭,neutral
Vera IMO is pretty hot n cold but ya when he’s on he’s pretty insane,neutral
"At the end of the day the game is about having fun. You play to have fun and relax not to sweat your sack off while you punch your desk out of anger over a teammate who’s just trying to chill and have fun. Plus ranked is way better than unrated because it means something, unrated just feels like a waste of time win or loose. Plus matchmaking in ranked is actually semi decent.",constructive
Yoru created a portal in front of him so he took no dmg,neutral
"You can keep a normal work schedule with 4am starts, can't do that with 8PM starts and 5AM finishes. I tend to stay up late too but objectively 4AM start beats 8PM start when you consider how long it lasts",constructive
"if u are dying instantly, u arent going to magically not die by swapping agents. if u just want some duelists to use, i recommend trying out reyna/jett/phoenix. they have ways to play aggro and escape, or ways to get easier kills or recover hp. but i dont think swappin agents is what u should focus on. imo get all ur experience in tdm/dm with some of those agents, u will get into way more fights to have more experience than u would in ranked. get into as many gunfights as u can. if u get 10 kills and die 20 times, thats much better than camping and killing 10 ppl with 5 deaths bc u got into way more fights which helps u practice more and get rid of fight anxiety. then in ranked, play what u prefer, cypher plays can be cool, watch some of the cypher youtube nerds that post cool vids and check their playstyle out. also playing cypher will open u up to lurk timings, u dont only need to rely on cage/trip kills with him. just my opinion tho!",constructive
"The way it’s made, you don’t really have to grind much. You will finish it well before the season ends by simply doing the daily and weekly challenges.",constructive
So it’s just a better version of the first knife 💀,neutral
"Glad I never went through punching my ticket on the Vitality hype train, I knew it wouldn't work out in the end with all these big game player personalities on one team with Sayf IGL lmao.",toxic
The problem is that the video you posted very prominently showcases the technical problem related to dying behind the corner and your mistake is kind of incidental in it. Anyway. I don't actually have a solid constructive answer to give you in general sense. But in this specific case you will easily end up dying a lot in the same way becuse you are exposed to multiple positions at the same time while you can only preaim/prefire only one of them. To get through a spot like this you need some kind of util to make the number of threat positions lower or info from teammates or util to account for each enemy so you know which spot to peek with deadly intent. For get the basic smoke and dash into it might get you at least out of the halls without dying.,constructive
nothing is desperate about this the only people who will give u money are people who have never talked to a woman in their lives,toxic
Well we'll get the answer on Saturday ![img](emote|t52g5ach|16018),neutral
deep down in your heart do you really believe that jakee tweeting is the reason fiziq is the worst player in challengers,toxic
"I have barley heard anyone say ""under heaven"". Hell is the most common one at least in my games and I personally get kind of confused when people use ""heaven"" for everything above the ground.",neutral
"Did you just call 3 DCs a ""tiny inconvenience?""",toxic
"Raafa vs. Eeiu rematch, been praying for times like these",neutral
"Yeah, I just wish that the casual viewers in this sub didn't have that bizarre mentality of ""I don't watch Challengers because they are amateurs. I only watch VCT because that's where ALL the best teams in the world are!"", when it's obvious not true at all right now, when Tier 1 across the world are riddled with garbage franchisees who would get destroyed by the top Challenger teams in their own region. 🤨 5 years from now, when the best teams that were not hand-picked by Riot get their well-deserved VCT spot through Ascension, and the undeserving VCT teams do not get their partner contract renewed after continuously sucking for half a decade, then that notion might resembles reality. 🙂",constructive
What a time to be alive,neutral
Thank you for explaining your POV,constructive
"The argument that you are always held back by your teammates can be logically disproven. It is so easy to carry in Valorant compared to other games. It is never just your teammates, you can always improve. Good teammates can and should help, but you should never blame a lost game on teammates. I always laugh at toxic people, it is sad but also hilarious to me that people get mad at their teammates and start venting in the middle of the game.",constructive
Yeah her ult is too good even in pro play IMO. But then again teams probably still haven’t caught up to the counter play that’s required to deal with her ult. Or maybe not lol maybe she just busted,constructive
"The only thing that really matters is EDIP, which is DPI x In game Sens. For example, 1600 DPI x .1 in game sens is 160 EDPI. 160 EDPI could also be 800 x .2. It's all relative. It's truly up to personal preference when navigating the desktop/web, as that's all the DPI itself matters for. I personally use 1600.",constructive
"I can coach you. I peaked silver 1 but you know what they say : "" coaches don't play "" 😭",neutral
"That's how it should work, imagine if spraying through smokes counted, any normal player would be close to 0%. If you mean it's different from CS where it counts all hits and not just the killing hits then yeah, it's different, nothing weird about it though.",constructive
ur job as a duelist is to die.,toxic
he got bullied bc a large portion of the val competitive fanbase are pinecones who lack empathy -- not because of jakee,toxic
"Same. With omen it's ""bad smoke"" or ""can you smoke"", with sage it's ""Can you heal? HEAL HEAL HEAL""",neutral
A fraud? Bros a shitter,toxic
"You have no clue what you're talking about. It doesn't need a combo to be good. Most ass backwards take I've ever seen. Other flashes people can play anti-flash and swing off of, WITHOUT breaking. Reyna's flash is 100HP and as long as its up, it's a guarantee that they can't peek, and if they break it it tells you exactly where they are. The main benefit of Reyna's flash is 1, it cant blind your teammates, and 2, the enemy can't play anti-flash against it. As if other flashes don't expose that you're there? Hello? Again, you have no clue what you're talking about, and have admitted to being new to the game and not playing it often. Yet you insist on these terrible takes and call other people ""low elo"" etc. etc. Stereotypical gold player.",toxic
Nooo MIBR you could've done the funniest thing,neutral
I think it’s quite literally mid elo.,neutral
Ive literally played astra on breeze/fracture and we won but generally i think split ascent and pearl,neutral
"You’re mad coping, Platinum Neon main.",toxic
im just using it as an example for a strategy lmao it has nothing to do with haven being in rotation right now,neutral
Ngl its rlly not hard getting out of iron. Tbh not being rude but i feel like u might have to just improve ur skills becuz i only hard problem getting out of silver,toxic
True. He has no personality issues now and hasn't been kicked off any teams in recent memory. As long as we ignore any context I'm 100% with you,toxic
Nope but they are going to keep adding over priced skins. Val is ASS dumped that game months ago. Am I happier person. Never in my life have I seen a game where if you hipfired your gun the bullets will exit at a 45degree angle,toxic
"With her wife as team manager, this is not impossible lol",neutral
?? They aren't even gonna qualify lol. Do you watch EMEA?,neutral
"weird theory: is it possible that riot wants people to force after pistol so that it is ""worth"" less? with only 26/25 rounds of regulation, winning pistol is incredibly important and it may be a design choice that the round after is still relatively winnable for the losers?",constructive
I would favor Optic on a rematch but this is not a rematch.,neutral
What is she even supposed to do with that roster lol,neutral
Fnatic tokyo was best lan so,neutral
"EG wins and I don't think it's all that close honestly. The teams are pretty even on paper so we have to look at their respective years and EG just had a better year. They placed top 2 in an international and then won champs. EDG also won champs but were lackluster at best on the other internationals. The only head to head we can look at is 2023, which EG won pretty dominantly as well. 13-5, 13-5 and then barely losing a 12-14 with a suboptimal comp is pretty dominant lol. Yes, 2024 EDG has S1mon but if we're going by a theoretical matchup where EG sticks together and faces 2024 EDG, we also have to consider the fact that EG would have additional synergy which would more than balance the scales, I think.",constructive
"imo the doors feel weird bc they open too slowly. plus, the fact that they rotate can be janky at times when pushing w ur teammates since the door creates two narrow lanes that are moving. i like the idea of the doors. i don't like how they were implemented. i honestly think they shouldve made the doors similar to doors in csgo or rather a standard door. think ""squeaky"" on cache or ""double doors"" on b site nuke. would make the doors feel more natural and would be intuitive to use. they could still use a button to open the door but the door would open like a normal door than a rotating door.",constructive
Your spelling is making it difficult to understand what you mean but if you want to view any sort of stats download Valorant tracker.,constructive
"ive played with smurfs before, and i can say that they arent gods, they might drop 50 kills but working as a team and winning rounds usually gets me wins, so i have no worries with them rn since they arent that common here.",constructive
Appreciate the realistic take. I also have my doubts about reaching radiant or even immortal. I'll give it a go and re-evaluate in a couple months maybe,constructive
I’m wondering why so many people have said Cypher.,neutral
"Breeze not my favourite but it does one thing better than other maps, it rewards good aim. with wide open space and long range duels, players without precise aim don't get to just react and spray to get kills like other narrow maps",constructive
"ye tru, fuck EG lmao",toxic
"That was exactly how the system worked until the new changes (just with 2-year terms and 14 max teams), so if you're asking ""who in their right mind would invest knowing that"", your answer is ""every single org in challengers 2023 and 2024"". Now, if you keep making champs (and outperforming the other ascension team if they also make champs) you can theoretically stay forever. If you do that, the other ascension team (because as of next year there will be 2 in the league at all times, keeping us at 12) will be relegated or sent to defend their spot in ascension instead, so they have the opportunity to he replaced by the new ascension winner. The exact details are in the riot announcement.",constructive
"Valo U by Xelaadryth is really good, useful and clear Val advice in the style of a university course.",constructive
Valorant community sucks regardless of the rank lol.. I don’t blame him for not wanting to play with a bunch of losers,toxic
Lost it all after this comment,neutral
"One possible answer to this is: You're playing right after an Episode ""reset"", therefore the majority of players have lost 2-3 ranks due to the reset. A lot of the players round you were probably 2-3 ranks higher at the end of the last rank. It may also be that you're struggling as you haven't played in a while, so the game feels harder and opponents feel better.",constructive
TRUE but you're wrong,toxic
"riot themselves haven't stated that its to counter half shields and tbh it really only ""counters"" them in round 2/3, after that it isn't really impactful for countering half shields.",constructive
DRX hasn't even changed their roster and had worse results this year. There is a complete 0% chance they become the best val team ever in this scenario.,toxic
Pacific Gang eating good this Masters lol.,neutral
"Once again, you are inventing shit in your head. Correctly putting the blame on jakee for this nepo hiring ""drama"" doesn't mean anyone is out to ""help fiziq's case"". We're simply blaming it on jakee for starting this ""drama"".",toxic
"i know my friends questioned me too but i do it allll the time in swiftplay lobbies cause i’m not taking the game seriously, would never in comp",neutral
"Okay then. How about this, don't play online games when your internet can cut out. Easy as that. Stick to offline games like Devs intended and don't ruin online matches for people like me who play by the rules(of which: Not leaving/afking is relevant here). And of course, you should listen to me over people who disconnect, leave and/or afk cause they ""break the rules"" and I ""don't"".",toxic
Hikosthegoat hikonmythroat,toxic
thats cap . SENs val side which includes CCs is more popular now that all of 100t . 100t fell off,toxic
Put me in coach.,neutral
"this is because cs has consistent spray patterns that can be learned, so you can control the recoil much more accurately",constructive
a squad could go into ranked and do the queue dodge until they get a bad map and troll the rest of their team with said bad map and then there would be no real way to punish these players because they used this feature to do it,constructive
"I just realized the only 2.0s with a phantom are the new Gaia’s, RGX, and Reaver. (Prime doesn’t really count). The rest are all Vandals. I think this proves that the phantom has the better skins.",neutral
The G2 falloff from MSI to now is staggering.,neutral
Who the f runs to a 1v2/3 instead of setting up a crossfire in a 2v4 post plant.,toxic
That's their entire marketing strategy. They rely on FOMO and that's what makes them the most money. Having things available all the time doesn't. It's all done on purpose.,neutral
"Fire away, but don't try to outshoot me!",neutral
"\- Region: NA \- Type of Bug: Ping/Matchmaking \- Description: Normally my ping on Atlanta servers is very low averaging around 5, but recently I'm getting 50+ ping on Atlanta servers. The best servers for me now is in Virginia(17ping) even though I'm way closer to Atlanta. I've contacted my ISP and they can't help me. I've also talked to others in my city who are experiencing this. \- Video / Screenshot: N/A \- Steps to Reproduce: Select Atlanta as primary server and go into a match. \- Expected Result: Averaging low ping around 5-10 \- Observed Result: Getting 50+ ping. \- Reproduction Rate: 10/10 \- System Specs: Ryzen 5 5600x, RTX 4070, Windows 11, Ethernet Connection 1GB speeds.",constructive
Still don't get why we haven't seen Clove on this map. I know Omen blind is strong but not as strong as the ability to smoke B stairs and spam (or defuse),constructive
"1. Offseason, so none of this matters. 2. Young players got experience. 3. Reduxx more integrated into team (reminder, he couldn't play for part of the last year due age). 4. Dapr 'fuck you' energy (+his and mitch experience supporting the young core) 5. Offseason, so none of this matters.",neutral
are the matches tmrw bo1 or bo3?,neutral
"She’s not as broken as she was. If anything, she’s more balanced than when she was fully accurate while sliding. She’s annoying now because the tech was introduced to the player base, and people still try to abuse the mechanic. Even though it isn’t as good as it once was, it’s still pretty decent. She can make herself a really difficult target to hit while still putting herself in a good position to win a 1v1, especially against players with poor tracking or poor patience.",constructive
"You are fun at parties, arent you",toxic
TSM PLAYS MOD LIONS(DARK RATIO) FIRST GAME TMRW,neutral
most annoying question ever asked for the 30000th time,toxic
Then remove the option unless it’s solo queue?,neutral
Ur a bit old to be yelling at people on the internet don’t you think maybe we should put you back on dial up grandpa,toxic
100T isn't just about content creators it's a whole clothing brand. I've seen people wear it out in the wild. Beyond that I think if Tenz or Tarik are playing anything other than Valorant they're about the same size as Valkyrae.,neutral
"Deadlocks kit is specifically to hold post plant not flanks, her wall has a lot of health to cut off a point of entry and stall time, her trips are supposed to sit on areas they're liable to run out of and her net is supposed to be used in tandem with other util. You do not know how to play Deadlock.",toxic
These guys really got a world champion title and dipped 😭😭😭,neutral
Tell that to deadlock,neutral
100 Thieves was very close to beating Sentinels when they played lol,neutral
"I practice marshal when I notice I'm not aiming completely on the head, but it might not help everyone.",constructive
"Pretty much every single time the enemy has momentum, there's an ff vote. Half of the time whoever starts the vote just leaves after the vote fails. I used to like the surrender option, it makes sense for reasons already stated in other comments, but there are just too many people that go into unrated expecting easy wins when that's not exactly what lax matchmaking entails.",constructive
"that’s lowk a bit rude considering everyone has their own skill level bc I had no issue getting out of silver or out of immortal for that matter. Anything from iron to diamond is absolutely filled to the brim with smurfs, there’s not much you can do besides pray you get them on your team.",toxic
The game would be a better game without reyna,neutral
"My left click works like 1/6 times I press it be it inside or outside valo, that's why I use AHK to make it so a keyboard key is used as a left click, and I use it on every program, including Windows' desktop. And, would you care to elaborate on what you mean about rebinding it on windows? I don't think I know how to do that",constructive
"Sentinels will even with Rob on the roster,100t are that shit",toxic
"You can hover on it. If you could stand on it, it wouldn't mess with your accuracy",constructive
Bros trying to eliminate his competition with mind games,neutral
you can try binding it to esc as well. Far enough for you to have to consciously think about pressing it,constructive
"It has a lot of YouTube subscribers but in the esports sphere C9 and 100T are far more recognizable than LOUD. Yes, LOUD has many Brazilian fans, but even a majority of their videos that attribute to their YT fandom are all soccer videos, very little pertain to esports. LOUD currently exists in only 3 esports, two of them are actually large esports, and they don’t cater to non Portuguese speaking communities. C9 and 100T on the other hand are recognizable brands in many esports all across the board and have fans all over the world. C9 for example has 15 esports division. Does LOUD have a lot of followers on social media? Yeah, in fact they have the second highest social media following of anyone in the world. But that’s not indicative of their fanbase in esports as a whole. Just because they have a lot of Valorant fans does mean they have the most fans across the esports sphere, it’s not cumulative.",constructive
"Listen, G2 is fantastic. They just need to work on communication, aim, map awareness, crosshair placement, eco management, pistol aim, awp flicks, grenade spots, pop flashes, positioning, bomb plant positions, retake ability, spray, skills use, control and getting kills",toxic
I can’t believe people actually think this is better,toxic
"First off, thank you for taking your time to watch my video and write this thorough reply. I appreciate this a lot because it gives me a lot of insight and direct examples on exactly what i did wrong. I’m actually shocked at myself because watching the video and reading your comment i realise how my crosshair placement is a lot worse than i estimated it to be. So, more careful usage of his utility, use wingman more effectively, more util and actually good crosshair placement. Thank you, it’s so eye opening. I always played wondering what i was doing wrong and couldn’t see my mistakes because i don’t have a concrete idea of what’s right in detail like this- hopefully being able to add these aspects to my list and actively try to improve can push me further. You’ve given me plenty insight, i really appreciate it :))",constructive
